P63101	DisProt	DP02943
P19594	DisProt	DP01154
O60239	DisProt	DP02850
Q13541	DisProt	DP00028
Q13542	DisProt	DP01293
P27682	DisProt	DP01557
Q676U5	DisProt	DP02148
P01023	DisProt	DP02649
P05067	DisProt	DP01280
P08592	DisProt	DP01887
P30542	DisProt	DP02651
P29274	DisProt	DP01547
P32357	DisProt	DP02721
O65934	DisProt	DP01947
Q09427	DisProt	DP01429
Q09428	DisProt	DP02881
O60706	DisProt	DP02381
Q9NYB9	DisProt	DP02386
Q00955	DisProt	DP00557
Q9BYF1	DisProt	DP02854
P07140	DisProt	DP00346
Q07912	DisProt	DP01772
P24005	DisProt	DP02687
Q97ZL0	DisProt	DP00513
O14672	DisProt	DP02318
P35611	DisProt	DP00240
P35612	DisProt	DP00241
P07248	DisProt	DP00077
Q16186	DisProt	DP00839
P55197	DisProt	DP02852
P42568	DisProt	DP01070
P51825	DisProt	DP02349
Q9UHB7	DisProt	DP01463
O29867	DisProt	DP01200
Q9UKV8	DisProt	DP00736
P35869	DisProt	DP00381
O70200	DisProt	DP02956
Q12476	DisProt	DP02464
Q05753	DisProt	DP02920
P31751	DisProt	DP00304
P49189	DisProt	DP02783
Q8LBP4	DisProt	DP00662
P53954	DisProt	DP00618
Q84ZX5	DisProt	DP00807
O24172	DisProt	DP00580
Q9JJW6	DisProt	DP03043
P55789	DisProt	DP02875
P50490	DisProt	DP02941
Q9NP70	DisProt	DP02558
P45561	DisProt	DP00693
Q9C0C7	DisProt	DP01328
Q9BTT0	DisProt	DP02409
Q9UJX6	DisProt	DP01526
P10275	DisProt	DP00492
P16860	DisProt	DP00551
P01160	DisProt	DP00747
Q9Y5C1	DisProt	DP02665
P04083	DisProt	DP01951
P19619	DisProt	DP01963
P07355	DisProt	DP02735
Q61548	DisProt	DP01073
Q05140	DisProt	DP00225
P35585	DisProt	DP02898
P19880	DisProt	DP01584
P62944	DisProt	DP02887
P84092	DisProt	DP00455
P0DTC3	DisProt	DP03003
Q96N21	DisProt	DP02404
P41780	DisProt	DP02667
P60006	DisProt	DP01454
Q96DE5	DisProt	DP01455
Q9UJX5	DisProt	DP01478
Q9UJX4	DisProt	DP01443
Q9UJX3	DisProt	DP01479
P25054	DisProt	DP00519
P27695	DisProt	DP00007
Q9BZZ5	DisProt	DP02894
Q8IW19	DisProt	DP01465
P02655	DisProt	DP01883
Q9JM54	DisProt	DP01281
P62330	DisProt	DP02815
O23661	DisProt	DP02380
Q8N726	DisProt	DP02167
Q64364	DisProt	DP00335
O66493	DisProt	DP00559
P80428	DisProt	DP00872
Q12406	DisProt	DP00874
Q9H981	DisProt	DP00873
P17870	DisProt	DP00390
P32120	DisProt	DP02263
P15848	DisProt	DP02670
Q5T4W7	DisProt	DP02428
P50553	DisProt	DP01942
P34233	DisProt	DP01579
P17405	DisProt	DP02027
Q13625	DisProt	DP01164
Q08655	DisProt	DP00531
P76216	DisProt	DP02760
Q5SQI0	DisProt	DP02419
Q06628	DisProt	DP01732
Q07528	DisProt	DP01744
Q2TAZ0	DisProt	DP02142
Q9NT62	DisProt	DP01720
P40344	DisProt	DP02826
Q9Y4P1	DisProt	DP01326
P38862	DisProt	DP02249
O82775	DisProt	DP02549
Q8VY98	DisProt	DP02550
P01096	DisProt	DP00844
P01097	DisProt	DP00995
O43313	DisProt	DP01288
P02721	DisProt	DP00201
Q04656	DisProt	DP00282
A1B8N7	DisProt	DP00806
Q9UNA0	DisProt	DP02607
P54252	DisProt	DP00576
Q96GD4	DisProt	DP02389
Q27974	DisProt	DP00351
O15169	DisProt	DP00959
O35625	DisProt	DP02456
Q9YGY0	DisProt	DP00954
O14977	DisProt	DP02675
O35484	DisProt	DP02672
Q07817	DisProt	DP00298
Q64373	DisProt	DP02817
P53563	DisProt	DP00449
Q9HD36	DisProt	DP02676
O54918	DisProt	DP00518
P02730	DisProt	DP01167
Q9UBV7	DisProt	DP02634
P97303	DisProt	DP01009
Q61337	DisProt	DP00563
Q16611	DisProt	DP02539
Q8ZRP0	DisProt	DP02483
P0A903	DisProt	DP01339
P80723	DisProt	DP00930
Q07812	DisProt	DP02540
Q99ML1	DisProt	DP01794
P54687	DisProt	DP02698
P0ABE0	DisProt	DP00415
P0ABD8	DisProt	DP00970
Q9RFD6	DisProt	DP02993
P10415	DisProt	DP00297
P11274	DisProt	DP03016
Q14457	DisProt	DP01149
O88597	DisProt	DP01612
Q9R224	DisProt	DP01183
P16278	DisProt	DP02785
P16442	DisProt	DP00339
P55957	DisProt	DP01662
P70444	DisProt	DP01661
Q9Y6D6	DisProt	DP02612
P17120	DisProt	DP00636
P10565	DisProt	DP03018
P11021	DisProt	DP01938
P06709	DisProt	DP00349
O70201	DisProt	DP02534
P54132	DisProt	DP03061
Q8WV28	DisProt	DP01544
Q91ZE9	DisProt	DP00645
P25916	DisProt	DP01316
P36894	DisProt	DP01990
O75936	DisProt	DP02678
P9WKX3	DisProt	DP01737
P00974	DisProt	DP00729
Q15059	DisProt	DP03059
P32639	DisProt	DP01330
Q5RJI5	DisProt	DP02423
Q96G97	DisProt	DP02471
Q10589	DisProt	DP02885
P37028	DisProt	DP02169
O60566	DisProt	DP01117
P41695	DisProt	DP01294
Q00496	DisProt	DP00732
P30996	DisProt	DP03019
P36106	DisProt	DP02476
P00736	DisProt	DP00621
Q8VHC5	DisProt	DP01592
Q13698	DisProt	DP01103
P07293	DisProt	DP00228
Q24298	DisProt	DP00269
P09803	DisProt	DP00159
Q8R464	DisProt	DP02679
P55980	DisProt	DP01475
P23280	DisProt	DP02680
Q16790	DisProt	DP02538
P0CU45	DisProt	DP01380
P0CU51	DisProt	DP01383
J7M799	DisProt	DP01377
P0CU46	DisProt	DP01381
P0CU52	DisProt	DP01388
P0CU43	DisProt	DP01378
P0CU44	DisProt	DP01379
P0CU47	DisProt	DP01382
P0CU48	DisProt	DP01385
P40881	DisProt	DP00110
P12957	DisProt	DP00120
P62152	DisProt	DP00344
Q7K5N4	DisProt	DP02890
P49913	DisProt	DP00004
Q07009	DisProt	DP01996
P20807	DisProt	DP02838
P50477	DisProt	DP00436
P63098	DisProt	DP00565
P12537	DisProt	DP02508
Q14444	DisProt	DP02916
P04383	DisProt	DP02071
Q5VZK9	DisProt	DP01701
P47710	DisProt	DP02005
P02666	DisProt	DP00329
O15234	DisProt	DP02170
P55211	DisProt	DP02860
P07221	DisProt	DP00132
O14958	DisProt	DP02630
P05434	DisProt	DP01659
P38582	DisProt	DP00380
P32504	DisProt	DP02033
P33322	DisProt	DP02055
Q2KIG3	DisProt	DP01424
Q92793	DisProt	DP02004
P45481	DisProt	DP00348
P35520	DisProt	DP01976
P83916	DisProt	DP02856
P83917	DisProt	DP02864
Q9Y3M2	DisProt	DP00709
P62552	DisProt	DP00928
P51671	DisProt	DP00641
O00585	DisProt	DP00765
Q9Y258	DisProt	DP00696
Q9NRJ3	DisProt	DP02010
Q9BSQ5	DisProt	DP02978
P69490	DisProt	DP01729
P14635	DisProt	DP00223
P24385	DisProt	DP02226
P30281	DisProt	DP01447
P24864	DisProt	DP01120
P51946	DisProt	DP00307
O60563	DisProt	DP01462
Q13740	DisProt	DP02515
P15391	DisProt	DP02431
P04234	DisProt	DP00505
P07766	DisProt	DP00506
P20963	DisProt	DP00200
Q07108	DisProt	DP00306
P11912	DisProt	DP01486
P40259	DisProt	DP01487
Q13042	DisProt	DP01452
Q12834	DisProt	DP01118
Q9UJX2	DisProt	DP01240
Q8GY31	DisProt	DP00916
Q8NHZ8	DisProt	DP01453
P30260	DisProt	DP01445
Q16543	DisProt	DP01420
I1WVY3	DisProt	DP03022
P50750	DisProt	DP01309
O14519	DisProt	DP01303
P38936	DisProt	DP00016
P46527	DisProt	DP00018
P49918	DisProt	DP00017
P28583	DisProt	DP00561
Q15517	DisProt	DP00706
Q9H211	DisProt	DP01193
O87120	DisProt	DP01002
O06522	DisProt	DP03020
O94986	DisProt	DP02628
P09883	DisProt	DP00342
P08083	DisProt	DP00461
P04480	DisProt	DP01852
Q9NHC3	DisProt	DP00868
P30429	DisProt	DP03045
P35201	DisProt	DP02395
E1BSW7	DisProt	DP02079
P41208	DisProt	DP01259
Q12102	DisProt	DP02480
P13569	DisProt	DP00012
Q8N884	DisProt	DP02876
P0DN86	DisProt	DP00013
P0A6G1	DisProt	DP00412
Q9BSY4	DisProt	DP00757
P07363	DisProt	DP00407
Q56311	DisProt	DP00350
Q96EP1	DisProt	DP02729
O96017	DisProt	DP01797
Q9Y3E7	DisProt	DP01283
Q9V452	DisProt	DP00811
P01555	DisProt	DP00250
P40019	DisProt	DP01135
Q15642	DisProt	DP02473
Q99967	DisProt	DP00356
Q22942	DisProt	DP02987
P0C8E0	DisProt	DP02320
P0C8E1	DisProt	DP02321
Q6SJQ7	DisProt	DP02478
O08785	DisProt	DP00734
P05059	DisProt	DP00118
Q8N1G2	DisProt	DP02611
Q53654	DisProt	DP00098
Q28181	DisProt	DP00768
Q03611	DisProt	DP02989
P53865	DisProt	DP02324
A5YKK6	DisProt	DP02524
P04972	DisProt	DP00347
P56621	DisProt	DP01181
P08572	DisProt	DP02953
Q02388	DisProt	DP02163
Q00780	DisProt	DP02369
Q8RWK8	DisProt	DP02248
Q24139	DisProt	DP01366
Q647G9	DisProt	DP00942
P31896	DisProt	DP00239
Q5XJY5	DisProt	DP01657
P31168	DisProt	DP00657
Q14019	DisProt	DP02824
Q14061	DisProt	DP00543
Q12287	DisProt	DP00277
P13183	DisProt	DP00828
P10175	DisProt	DP00780
Q9LZP9	DisProt	DP00534
A6Q0K5	DisProt	DP00359
Q6FI81	DisProt	DP01137
O14810	DisProt	DP02360
Q16630	DisProt	DP02869
Q42512	DisProt	DP01057
Q9SIN5	DisProt	DP01058
P78560	DisProt	DP01771
P16220	DisProt	DP02003
P46108	DisProt	DP00748
P46108	DisProt	DP00973
Q43125	DisProt	DP00474
P97784	DisProt	DP03007
Q49AN0	DisProt	DP00473
P02511	DisProt	DP00445
P0DOC6	DisProt	DP02509
Q9QXT8	DisProt	DP00291
P0AE98	DisProt	DP01177
Q8VHK2	DisProt	DP01127
O14936	DisProt	DP01438
Q92905	DisProt	DP02290
P0A968	DisProt	DP02900
P67966	DisProt	DP00922
Q05158	DisProt	DP00438
Q9Y5B0	DisProt	DP00177
F1QGH7	DisProt	DP02584
P35222	DisProt	DP01119
Q02248	DisProt	DP00341
Q9VMA3	DisProt	DP01494
Q02554	DisProt	DP01978
O60888	DisProt	DP00846
P78794	DisProt	DP02356
P08050	DisProt	DP00278
P28235	DisProt	DP01175
Q01231	DisProt	DP00646
P08033	DisProt	DP01176
P61073	DisProt	DP01249
P28229	DisProt	DP01464
P40136	DisProt	DP00395
J7QLC0	DisProt	DP00591
Q9HB71	DisProt	DP00907
Q9CXW3	DisProt	DP00226
Q53TN4	DisProt	DP03005
Q05080	DisProt	DP02589
P0ABI8	DisProt	DP00088
Q8BHZ5	DisProt	DP01754
Q87WW0	DisProt	DP00985
P0ACN7	DisProt	DP02541
Q14118	DisProt	DP02765
Q62165	DisProt	DP00491
Q9UER7	DisProt	DP00707
O35613	DisProt	DP00708
Q9NR28	DisProt	DP01619
Q9Y6G9	DisProt	DP02547
Q42521	DisProt	DP02726
Q9SP32	DisProt	DP01467
P84634	DisProt	DP01543
P11926	DisProt	DP02673
O13828	DisProt	DP01482
Q9H816	DisProt	DP01268
Q96SD1	DisProt	DP01162
P28023	DisProt	DP02910
P06132	DisProt	DP00308
Q9UMR2	DisProt	DP01560
P35638	DisProt	DP00624
Q9BUQ8	DisProt	DP02332
O00571	DisProt	DP02192
D0PV95	DisProt	DP01113
Q9NQI0	DisProt	DP01066
O00273	DisProt	DP00173
P0A9Q9	DisProt	DP02663
Q9VXJ0	DisProt	DP02662
P22239	DisProt	DP00112
P12950	DisProt	DP00530
P30185	DisProt	DP00689
Q9UPY3	DisProt	DP02781
P23457	DisProt	DP02646
Q5L0X5	DisProt	DP02323
Q6P3W2	DisProt	DP00865
O94907	DisProt	DP01335
P0ABS1	DisProt	DP00414
P31016	DisProt	DP01413
Q9NR61	DisProt	DP01490
Q81G39	DisProt	DP02664
Q14565	DisProt	DP02746
P0ABS5	DisProt	DP02134
P0A6Y8	DisProt	DP02985
P03265	DisProt	DP00003
O00429	DisProt	DP01537
A0LU48	DisProt	DP02322
Q8TEK3	DisProt	DP01985
Q3E840	DisProt	DP01653
P49005	DisProt	DP01807
P47110	DisProt	DP02847
P15436	DisProt	DP02848
Q14194	DisProt	DP02620
P97427	DisProt	DP02621
Q55DL0	DisProt	DP02958
O82132	DisProt	DP02209
P36152	DisProt	DP01320
Q02413	DisProt	DP01476
Q8TEA8	DisProt	DP02452
Q23985	DisProt	DP02460
Q54BW5	DisProt	DP02689
P06968	DisProt	DP00337
Q13838	DisProt	DP02724
Q24246	DisProt	DP00605
Q05193	DisProt	DP02976
P21575	DisProt	DP02617
P0ABQ4	DisProt	DP00301
P03254	DisProt	DP01928
P03255	DisProt	DP01150
P03259	DisProt	DP01151
P43528	DisProt	DP03023
Q01094	DisProt	DP01427
A0ZWU1	DisProt	DP01791
Q12432	DisProt	DP02466
F4JL28	DisProt	DP02690
P9WNR7	DisProt	DP01739
D1A4G7	DisProt	DP02490
P34021	DisProt	DP01569
Q96F86	DisProt	DP02253
P13551	DisProt	DP00021
P52799	DisProt	DP01588
Q83AR4	DisProt	DP01015
Q03653	DisProt	DP02751
Q88QP8	DisProt	DP01571
P0CE48	DisProt	DP01965
O61667	DisProt	DP01407
Q8BH64	DisProt	DP01940
P56287	DisProt	DP02516
P41567	DisProt	DP00910
P41214	DisProt	DP02704
Q15717	DisProt	DP02564
P41969	DisProt	DP01578
P28324	DisProt	DP01329
P04985	DisProt	DP01801
Q03071	DisProt	DP01430
Q8WYP5	DisProt	DP01549
Q8CJF7	DisProt	DP01548
Q9SQK3	DisProt	DP02919
Q9HC35	DisProt	DP02645
P17639	DisProt	DP01860
P50402	DisProt	DP01770
Q96AY2	DisProt	DP01877
Q09472	DisProt	DP00633
P11171	DisProt	DP00678
O95278	DisProt	DP02647
Q9Y6I3	DisProt	DP02930
Q80VP1	DisProt	DP01993
O88339	DisProt	DP00251
Q04660	DisProt	DP00900
P04626	DisProt	DP01484
P42759	DisProt	DP00606
P42763	DisProt	DP00667
P62495	DisProt	DP00310
O74718	DisProt	DP00396
Q5RJL0	DisProt	DP01521
Q9BS26	DisProt	DP02173
O95718	DisProt	DP01764
Q8GXX0	DisProt	DP02648
Q03132	DisProt	DP01272
P0DJ89	DisProt	DP00963
P03372	DisProt	DP00074
Q92731	DisProt	DP00079
P9WNK3	DisProt	DP00799
P14921	DisProt	DP01441
P27577	DisProt	DP00111
P70429	DisProt	DP02387
Q01844	DisProt	DP00632
Q9I322	DisProt	DP01147
Q9ES89	DisProt	DP00397
Q15910	DisProt	DP01817
P15311	DisProt	DP00775
P20220	DisProt	DP00847
Q9XTW2	DisProt	DP02991
Q00944	DisProt	DP02120
Q9NPI8	DisProt	DP02782
Q8K368	DisProt	DP02613
Q9Y4F1	DisProt	DP02833
Q91VS8	DisProt	DP02896
Q8WUP2	DisProt	DP01310
Q9UKT5	DisProt	DP01884
Q9UKT4	DisProt	DP01450
P07749	DisProt	DP02940
Q26680	DisProt	DP01669
P24071	DisProt	DP00311
P06734	DisProt	DP02975
P30273	DisProt	DP00509
Q0JRZ9	DisProt	DP02303
P39748	DisProt	DP01974
P59113	DisProt	DP00655
Q96AC1	DisProt	DP01613
Q92913	DisProt	DP01404
P09038	DisProt	DP01644
P71590	DisProt	DP01671
Q9Y613	DisProt	DP00448
P14448	DisProt	DP00233
P03714	DisProt	DP01762
P45976	DisProt	DP00625
Q9Y3D6	DisProt	DP00457
P0A6R3	DisProt	DP00422
P03709	DisProt	DP01336
P45523	DisProt	DP02787
Q13451	DisProt	DP01845
P26477	DisProt	DP00027
P0A8S9	DisProt	DP02700
P06179	DisProt	DP00026
P21333	DisProt	DP01950
Q96PY5	DisProt	DP02609
Q6ZPF4	DisProt	DP02638
Q06787	DisProt	DP00134
P14738	DisProt	DP00025
P49354	DisProt	DP00558
P01100	DisProt	DP00078
Q9Y261	DisProt	DP01124
Q99958	DisProt	DP02231
Q12778	DisProt	DP01132
P98177	DisProt	DP01788
P42512	DisProt	DP00176
Q92837	DisProt	DP02373
Q16595	DisProt	DP00607
P29131	DisProt	DP02271
P10121	DisProt	DP00896
P17865	DisProt	DP02202
P0A9A6	DisProt	DP02201
Q92945	DisProt	DP01590
P16892	DisProt	DP02784
P35637	DisProt	DP01102
Q9UM11	DisProt	DP01524
P24522	DisProt	DP00704
Q9UQC2	DisProt	DP01507
Q9Z0U4	DisProt	DP00463
Q08605	DisProt	DP00328
Q9LQT8	DisProt	DP00724
P04386	DisProt	DP02132
Q06433	DisProt	DP01624
Q8I2X3	DisProt	DP02934
P9WJA9	DisProt	DP01589
P23771	DisProt	DP02798
Q9V0U0	DisProt	DP01919
P50440	DisProt	DP00099
P03069	DisProt	DP00083
P04150	DisProt	DP00030
P39905	DisProt	DP02574
Q07731	DisProt	DP00029
Q8TEQ6	DisProt	DP03070
O75496	DisProt	DP00901
O88513	DisProt	DP02412
Q9UJY5	DisProt	DP00314
P10912	DisProt	DP00033
Q9MAA7	DisProt	DP00723
Q03768	DisProt	DP00163
F1QR43	DisProt	DP02883
P01215	DisProt	DP02922
P10071	DisProt	DP01134
P68688	DisProt	DP01740
P10388	DisProt	DP00285
P04695	DisProt	DP00273
P13255	DisProt	DP00031
P46984	DisProt	DP00958
Q9HD26	DisProt	DP02150
O35254	DisProt	DP02422
Q9H8Y8	DisProt	DP02592
P21401	DisProt	DP02493
Q14449	DisProt	DP00230
O88900	DisProt	DP00490
Q24570	DisProt	DP02149
P09372	DisProt	DP00103
P80870	DisProt	DP00809
P49841	DisProt	DP00385
P41851	DisProt	DP00725
P08263	DisProt	DP01506
P11166	DisProt	DP02855
P46065	DisProt	DP00840
P51177	DisProt	DP01010
Q9C1S9	DisProt	DP01080
P07986	DisProt	DP01933
P27472	DisProt	DP02097
P07305	DisProt	DP01156
P53551	DisProt	DP00423
P04908	DisProt	DP01157
P02263	DisProt	DP01205
Q71UI9	DisProt	DP02301
P84051	DisProt	DP01546
P06899	DisProt	DP01158
P0C1H4	DisProt	DP01649
P02283	DisProt	DP01250
P84233	DisProt	DP01389
P84040	DisProt	DP01870
P62805	DisProt	DP02034
P62799	DisProt	DP01390
P02309	DisProt	DP02260
P02259	DisProt	DP00044
P02315	DisProt	DP00042
P12081	DisProt	DP01668
Q99075	DisProt	DP01873
Q8R316	DisProt	DP01323
O74774	DisProt	DP02049
P08631	DisProt	DP02383
O60741	DisProt	DP01317
O13916	DisProt	DP01246
Q13547	DisProt	DP02233
Q8IV16	DisProt	DP01327
P0AES9	DisProt	DP02548
Q03281	DisProt	DP02124
P09950	DisProt	DP02768
P34704	DisProt	DP02988
Q03689	DisProt	DP02317
P0A6X3	DisProt	DP01050
Q26997	DisProt	DP02927
Q16665	DisProt	DP00262
Q9KMA5	DisProt	DP01289
Q53FT3	DisProt	DP02719
P23873	DisProt	DP02899
P01050	DisProt	DP00137
P15516	DisProt	DP02206
P19250	DisProt	DP00668
P09983	DisProt	DP00389
P52695	DisProt	DP02188
P04035	DisProt	DP02709
Q05917	DisProt	DP01779
P17096	DisProt	DP00040
P52926	DisProt	DP01876
P09429	DisProt	DP01493
P63158	DisProt	DP00384
P63159	DisProt	DP02138
P02313	DisProt	DP00195
P20823	DisProt	DP01620
P22449	DisProt	DP02610
P52597	DisProt	DP01736
P52272	DisProt	DP02015
P0ACF8	DisProt	DP00776
Q9Y823	DisProt	DP02786
P05205	DisProt	DP02865
P74518	DisProt	DP02105
P49869	DisProt	DP00594
Q9SLJ2	DisProt	DP01300
P12810	DisProt	DP00677
P0DMV9	DisProt	DP02353
O75506	DisProt	DP01643
P22121	DisProt	DP00036
P10961	DisProt	DP00135
P0A6H5	DisProt	DP00100
P09446	DisProt	DP02984
P15340	DisProt	DP00057
P63018	DisProt	DP02986
P14602	DisProt	DP00142
O14558	DisProt	DP01131
Q57733	DisProt	DP00067
O43464	DisProt	DP00315
Q8IVG9	DisProt	DP02267
P14653	DisProt	DP02414
O24646	DisProt	DP00469
Q9NX55	DisProt	DP00546
Q7Z094	DisProt	DP01286
Q38825	DisProt	DP01121
Q9FLN8	DisProt	DP02696
P20810	DisProt	DP00196
P27321	DisProt	DP01994
P35521	DisProt	DP00717
P13199	DisProt	DP03056
P08392	DisProt	DP01305
Q02363	DisProt	DP02697
P47813	DisProt	DP00903
Q97W59	DisProt	DP01285
P0A707	DisProt	DP00197
P38919	DisProt	DP02069
P10081	DisProt	DP02562
P48598	DisProt	DP02400
P06730	DisProt	DP02399
P39935	DisProt	DP00082
Q04637	DisProt	DP02398
P63241	DisProt	DP02594
Q18235	DisProt	DP03049
P25963	DisProt	DP00468
P05231	DisProt	DP02745
Q12905	DisProt	DP01564
Q9CXY6	DisProt	DP01563
Q9Z1X4	DisProt	DP01562
P07342	DisProt	DP00398
Q02821	DisProt	DP02227
P32337	DisProt	DP02144
P50097	DisProt	DP00399
P17181	DisProt	DP02458
Q9NQS7	DisProt	DP02390
Q9UNL4	DisProt	DP01347
P08476	DisProt	DP02234
Q8IU57	DisProt	DP02446
Q01101	DisProt	DP01023
P68390	DisProt	DP01011
P17105	DisProt	DP02461
P01094	DisProt	DP00179
P61925	DisProt	DP00934
P61926	DisProt	DP00015
P41236	DisProt	DP00816
Q9DCL8	DisProt	DP00815
P51617	DisProt	DP02467
Q14653	DisProt	DP01614
Q13568	DisProt	DP01907
P21374	DisProt	DP01593
P08514	DisProt	DP01841
P06756	DisProt	DP02742
P05556	DisProt	DP01748
P05107	DisProt	DP01848
P05106	DisProt	DP01842
P18564	DisProt	DP02530
O14713	DisProt	DP01836
P01071	DisProt	DP01971
Q6PHW0	DisProt	DP01741
P53193	DisProt	DP02809
P78504	DisProt	DP00418
P02533	DisProt	DP02605
P56254	DisProt	DP01017
P00514	DisProt	DP00245
P31321	DisProt	DP02632
P13861	DisProt	DP02333
P31324	DisProt	DP01944
Q06486	DisProt	DP03052
Q14722	DisProt	DP00090
Q63450	DisProt	DP01958
P08510	DisProt	DP01495
P15382	DisProt	DP00796
Q9Y6H6	DisProt	DP01608
P70604	DisProt	DP01141
P56696	DisProt	DP02533
Q9NXV2	DisProt	DP02706
P29375	DisProt	DP02224
Q9UGL1	DisProt	DP00712
Q07666	DisProt	DP01705
P43629	DisProt	DP02552
Q15726	DisProt	DP01173
P04183	DisProt	DP02006
P10721	DisProt	DP02247
Q13351	DisProt	DP01640
O43474	DisProt	DP01174
Q03164	DisProt	DP01116
Q8IZD2	DisProt	DP02393
P01042	DisProt	DP01861
Q8NG31	DisProt	DP01269
P07674	DisProt	DP00656
P20444	DisProt	DP01105
O00522	DisProt	DP01333
Q9VPU8	DisProt	DP00540
Q15418	DisProt	DP01508
P23443	DisProt	DP01554
P34808	DisProt	DP02999
P32004	DisProt	DP00666
Q6P1M3	DisProt	DP02730
Q09260	DisProt	DP02378
F9UST4	DisProt	DP01168
O43561	DisProt	DP01126
P05455	DisProt	DP00229
Q9CX60	DisProt	DP00661
P06239	DisProt	DP01580
O75112	DisProt	DP01781
P01130	DisProt	DP01396
Q96273	DisProt	DP01299
Q95V77	DisProt	DP00186
Q9FG31	DisProt	DP02066
Q96270	DisProt	DP01858
P0CU49	DisProt	DP01386
P27782	DisProt	DP00767
P17931	DisProt	DP01332
Q8K419	DisProt	DP02811
P0C0Y1	DisProt	DP01572
Q9I1X7	DisProt	DP01670
P54936	DisProt	DP01436
Q9U489	DisProt	DP02990
A6NI73	DisProt	DP02812
P16535	DisProt	DP00345
B0FRH7	DisProt	DP00544
Q62902	DisProt	DP02789
P02545	DisProt	DP00716
P29536	DisProt	DP02368
P16050	DisProt	DP02162
Q9HKT1	DisProt	DP00096
P0ADV9	DisProt	DP02197
Q8ZRW0	DisProt	DP02518
P38801	DisProt	DP00788
Q9Y7M4	DisProt	DP02065
O14352	DisProt	DP02068
Q06406	DisProt	DP01402
O74499	DisProt	DP02067
P53905	DisProt	DP01261
P47093	DisProt	DP01401
P13338	DisProt	DP00898
P03070	DisProt	DP01618
P0C5S4	DisProt	DP00292
P07948	DisProt	DP02545
O33599	DisProt	DP00352
A5HC98	DisProt	DP02521
Q8IVH8	DisProt	DP02822
P42003	DisProt	DP02623
P26645	DisProt	DP00253
Q15691	DisProt	DP01271
P48740	DisProt	DP02816
P37330	DisProt	DP01837
P0AE72	DisProt	DP01291
P0AE70	DisProt	DP00299
Q9UBB5	DisProt	DP01068
P02687	DisProt	DP00047
P02686	DisProt	DP00236
P02686	DisProt	DP02078
P04370	DisProt	DP01101
P81558	DisProt	DP00663
P9WIP5	DisProt	DP01509
Q6VMQ6	DisProt	DP01277
Q8NI22	DisProt	DP01637
Q9GZU1	DisProt	DP02757
P11746	DisProt	DP02397
P49736	DisProt	DP01977
P08235	DisProt	DP01561
Q0WYX8	DisProt	DP02619
Q00987	DisProt	DP00334
Q00987	DisProt	DP01133
O60200	DisProt	DP02325
P21447	DisProt	DP02756
P51608	DisProt	DP00539
Q925J9	DisProt	DP02151
Q02078	DisProt	DP01925
Q91V27	DisProt	DP00541
P01501	DisProt	DP02951
P17109	DisProt	DP02750
Q7L2J0	DisProt	DP02832
P77072	DisProt	DP00575
Q8T9B6	DisProt	DP02312
Q9ERE7	DisProt	DP02314
P53780	DisProt	DP02642
P31153	DisProt	DP02825
P08581	DisProt	DP02738
Q9ZPI5	DisProt	DP00654
Q8N4Q1	DisProt	DP00912
Q8VDP3	DisProt	DP02723
Q7RTP6	DisProt	DP02396
Q29983	DisProt	DP00670
P78953	DisProt	DP02903
Q96T58	DisProt	DP02375
Q13164	DisProt	DP02831
P53779	DisProt	DP02328
P24785	DisProt	DP02836
P40692	DisProt	DP03062
O74958	DisProt	DP01975
P27356	DisProt	DP00992
P22868	DisProt	DP00379
Q8BPB0	DisProt	DP02570
P45985	DisProt	DP01400
P52564	DisProt	DP01342
O14733	DisProt	DP00841
P30307	DisProt	DP02126
Q39026	DisProt	DP02631
Q8K4J6	DisProt	DP01999
Q8N5Y2	DisProt	DP01279
P50498	DisProt	DP02299
P19599	DisProt	DP01067
Q03834	DisProt	DP01623
Q68DK7	DisProt	DP01278
Q9JLC3	DisProt	DP02258
P21758	DisProt	DP00246
P0CY08	DisProt	DP02806
P15146	DisProt	DP00122
P47047	DisProt	DP01867
O43312	DisProt	DP01224
Q8R1S4	DisProt	DP02569
Q9MAB9	DisProt	DP02643
P15941	DisProt	DP01790
P20591	DisProt	DP01239
Q6P8Z1	DisProt	DP00564
Q49492	DisProt	DP01356
P04198	DisProt	DP02413
P01106	DisProt	DP00260
P10587	DisProt	DP00102
Q6URW6	DisProt	DP01022
Q9BE39	DisProt	DP02522
P52179	DisProt	DP00517
O14974	DisProt	DP01163
P28698	DisProt	DP02096
Q9SQQ6	DisProt	DP02225
P44654	DisProt	DP00899
O60934	DisProt	DP02840
O43070	DisProt	DP02839
O89339	DisProt	DP00698
Q89933	DisProt	DP00640
Q9IK92	DisProt	DP00697
P59595	DisProt	DP00948
Q09161	DisProt	DP00392
P52298	DisProt	DP00393
P14598	DisProt	DP02254
Q15596	DisProt	DP01880
Q9Y6Q9	DisProt	DP00343
Q9SUM3	DisProt	DP02644
O14777	DisProt	DP01576
O35274	DisProt	DP00943
Q96PU5	DisProt	DP02292
Q15843	DisProt	DP02302
P04324	DisProt	DP00189
P03407	DisProt	DP02889
P03404	DisProt	DP01843
P03406	DisProt	DP00048
Q70627	DisProt	DP02888
Q96FI4	DisProt	DP01480
Q9H3P2	DisProt	DP02712
P18615	DisProt	DP02713
Q9Y6K9	DisProt	DP02269
P60761	DisProt	DP02296
P06836	DisProt	DP00955
P17677	DisProt	DP00951
Q16236	DisProt	DP01115
Q60795	DisProt	DP00968
O95644	DisProt	DP01724
Q13469	DisProt	DP01344
Q00653	DisProt	DP03039
P02547	DisProt	DP00151
Q99LJ8	DisProt	DP01304
P01139	DisProt	DP00836
Q92886	DisProt	DP00672
P70447	DisProt	DP02061
Q9JPP1	DisProt	DP02086
P11632	DisProt	DP00432
O14745	DisProt	DP02000
F0ZBA6	DisProt	DP02165
Q8N5F7	DisProt	DP02348
Q969F2	DisProt	DP00520
P23441	DisProt	DP00071
Q99801	DisProt	DP00683
Q69ZK9	DisProt	DP02755
Q9NZ94	DisProt	DP00553
Q9C000	DisProt	DP00554
Q01097	DisProt	DP01492
Q9HAN9	DisProt	DP01165
Q9Y239	DisProt	DP01446
O88998	DisProt	DP00936
Q14978	DisProt	DP01178
Q6Q547	DisProt	DP00475
P53927	DisProt	DP02808
P46531	DisProt	DP01104
P06748	DisProt	DP01474
Q14995	DisProt	DP02702
Q96RI1	DisProt	DP01914
O75469	DisProt	DP00323
Q02297	DisProt	DP01520
Q28146	DisProt	DP02503
P53136	DisProt	DP02195
P14907	DisProt	DP01077
P36118	DisProt	DP01471
Q02629	DisProt	DP01076
P35729	DisProt	DP02157
Q8WUM0	DisProt	DP02164
P36161	DisProt	DP02158
P49687	DisProt	DP02155
P49790	DisProt	DP01799
P40477	DisProt	DP01078
P47054	DisProt	DP02145
P49757	DisProt	DP01130
P20676	DisProt	DP01075
P32499	DisProt	DP00222
Q02199	DisProt	DP02122
Q9UKX7	DisProt	DP02455
Q9JIH2	DisProt	DP01879
P46673	DisProt	DP02156
P52948	DisProt	DP02123
P05221	DisProt	DP00217
O60356	DisProt	DP00510
A6NF83	DisProt	DP01159
P0AFG0	DisProt	DP01496
Q9UBU9	DisProt	DP01451
Q64693	DisProt	DP00008
Q8NQJ3	DisProt	DP01581
P0AFG8	DisProt	DP00427
Q91ZW2	DisProt	DP02659
O60502	DisProt	DP02479
P08523	DisProt	DP00279
P02631	DisProt	DP00730
P42866	DisProt	DP00974
P02699	DisProt	DP00271
Q06810	DisProt	DP01516
Q9SU24	DisProt	DP02966
Q13415	DisProt	DP02072
P59636	DisProt	DP03002
P22059	DisProt	DP01491
P48439	DisProt	DP01196
P81455	DisProt	DP00116
Q8HYY9	DisProt	DP01982
P10451	DisProt	DP00214
P10923	DisProt	DP01448
P46014	DisProt	DP01355
P04637	DisProt	DP00086
O15350	DisProt	DP00319
P22473	DisProt	DP02487
P27986	DisProt	DP01112
O08908	DisProt	DP02791
P04147	DisProt	DP01538
Q9UM07	DisProt	DP00321
Q9RQJ2	DisProt	DP02931
Q15004	DisProt	DP01425
O60829	DisProt	DP01435
Q96GU1	DisProt	DP01473
O14832	DisProt	DP00327
P05121	DisProt	DP00320
O96013	DisProt	DP01184
P32521	DisProt	DP02220
Q96RD7	DisProt	DP02945
P53632	DisProt	DP01775
P22995	DisProt	DP00833
P25644	DisProt	DP01825
Q96IZ0	DisProt	DP01603
Q62627	DisProt	DP00940
Q02548	DisProt	DP00969
Q06710	DisProt	DP01517
Q9BUH6	DisProt	DP01795
Q15113	DisProt	DP02622
P48539	DisProt	DP00592
Q8NBP7	DisProt	DP02551
P19836	DisProt	DP02118
O76074	DisProt	DP01244
P01127	DisProt	DP02770
P07237	DisProt	DP02637
Q53GG5	DisProt	DP01782
O88483	DisProt	DP02657
P52945	DisProt	DP01597
P40855	DisProt	DP01805
P50542	DisProt	DP00472
C6KSX0	DisProt	DP01574
P68466	DisProt	DP02194
O57173	DisProt	DP01539
P09041	DisProt	DP02749
B9KDD4	DisProt	DP01199
P36871	DisProt	DP02748
P21793	DisProt	DP00489
Q9QWH1	DisProt	DP01315
Q06253	DisProt	DP00288
Q9BVI0	DisProt	DP02427
O55778	DisProt	DP00700
P12579	DisProt	DP00447
P03421	DisProt	DP00895
P03422	DisProt	DP00133
Q9IK91	DisProt	DP00699
Q0GBY3	DisProt	DP01759
P04859	DisProt	DP00939
P03520	DisProt	DP01391
Q27934	DisProt	DP01122
P78356	DisProt	DP00054
O75928	DisProt	DP01675
Q9VI75	DisProt	DP02763
A0A0J9X1Q5	DisProt	DP00913
P11309	DisProt	DP00322
Q13526	DisProt	DP02727
Q00169	DisProt	DP02327
Q9SQZ9	DisProt	DP00434
P42337	DisProt	DP02792
Q8BTI9	DisProt	DP02790
Q13563	DisProt	DP02758
Q5A3P6	DisProt	DP02500
P9WI73	DisProt	DP01153
Q9NWW9	DisProt	DP02737
P53816	DisProt	DP02684
Q01970	DisProt	DP02477
P10686	DisProt	DP01851
Q9DBG5	DisProt	DP02683
P13797	DisProt	DP02682
Q80UG2	DisProt	DP02528
Q01417	DisProt	DP00664
Q07930	DisProt	DP01890
P40999	DisProt	DP02685
Q9NVS9	DisProt	DP00168
P51023	DisProt	DP01749
P14859	DisProt	DP00231
P21952	DisProt	DP02410
P19711	DisProt	DP00675
P12823	DisProt	DP01245
Q5UB51	DisProt	DP02204
Q2YHF0	DisProt	DP01931
Q69422	DisProt	DP00674
P27958	DisProt	DP00588
Q99IB8	DisProt	DP01031
P05769	DisProt	DP02212
P06935	DisProt	DP00673
Q9Q6P4	DisProt	DP02203
Q32ZE1	DisProt	DP01256
Q04049	DisProt	DP02736
Q9QUG2	DisProt	DP02626
P03315	DisProt	DP00999
P12497	DisProt	DP00410
O75817	DisProt	DP02615
P62137	DisProt	DP03014
Q12972	DisProt	DP00937
O55000	DisProt	DP01202
O60927	DisProt	DP00219
Q08209	DisProt	DP00092
P15309	DisProt	DP00628
P37231	DisProt	DP00718
P61012	DisProt	DP00801
P01099	DisProt	DP00325
P07516	DisProt	DP00421
Q86XI6	DisProt	DP03015
O60828	DisProt	DP01308
O75807	DisProt	DP01203
Q86YV5	DisProt	DP02420
P10163	DisProt	DP00119
O43663	DisProt	DP02316
Q13029	DisProt	DP01757
Q63716	DisProt	DP02793
Q13162	DisProt	DP02764
O08807	DisProt	DP02001
Q9UBK2	DisProt	DP01489
P06401	DisProt	DP01542
P10279	DisProt	DP00783
P27177	DisProt	DP01663
P04156	DisProt	DP00466
P04273	DisProt	DP00187
P04925	DisProt	DP00265
O60260	DisProt	DP01849
Q9JK66	DisProt	DP01850
P16471	DisProt	DP01106
Q9UKY0	DisProt	DP02823
P45577	DisProt	DP00377
P33411	DisProt	DP02073
Q9UMS4	DisProt	DP01161
Q09882	DisProt	DP01658
O43172	DisProt	DP01751
P33334	DisProt	DP02722
P17810	DisProt	DP00220
P02628	DisProt	DP00550
P02619	DisProt	DP01025
P31087	DisProt	DP00935
P12355	DisProt	DP00990
P12357	DisProt	DP00984
P22179	DisProt	DP00803
P36886	DisProt	DP00792
P83755	DisProt	DP02575
P56777	DisProt	DP02576
P23321	DisProt	DP02577
P18212	DisProt	DP01591
P12302	DisProt	DP01351
P12301	DisProt	DP01660
P55036	DisProt	DP01192
P49768	DisProt	DP01292
P26599	DisProt	DP01601
F1RE08	DisProt	DP02884
Q16647	DisProt	DP02578
Q8VDQ1	DisProt	DP02579
P12272	DisProt	DP00138
P9WPI9	DisProt	DP01160
P01252	DisProt	DP00814
P06454	DisProt	DP01677
P35236	DisProt	DP01646
Q64487	DisProt	DP02517
P28827	DisProt	DP02580
O95997	DisProt	DP00521
P9WHN5	DisProt	DP00877
P0AG16	DisProt	DP00578
P08179	DisProt	DP02740
P22234	DisProt	DP02794
Q3MIT2	DisProt	DP02614
P09546	DisProt	DP02030
Q84MC7	DisProt	DP02995
P82804	DisProt	DP02384
P68005	DisProt	DP01838
P00127	DisProt	DP00853
Q32NN2	DisProt	DP00286
P40719	DisProt	DP00774
P0C6X7	DisProt	DP02924
P0DTD1	DisProt	DP02925
P20340	DisProt	DP02733
P62965	DisProt	DP00340
Q9NS91	DisProt	DP01796
P32628	DisProt	DP01629
P07276	DisProt	DP01631
Q09683	DisProt	DP02842
P14736	DisProt	DP01628
Q06609	DisProt	DP01622
P43351	DisProt	DP00437
P22216	DisProt	DP01182
P55042	DisProt	DP02572
P37727	DisProt	DP00458
Q9SN68	DisProt	DP02962
Q9SR19	DisProt	DP02961
Q15109	DisProt	DP02555
Q9BTL3	DisProt	DP02346
P62826	DisProt	DP01364
P11938	DisProt	DP00020
P22605	DisProt	DP02633
P03050	DisProt	DP01512
Q9NS23	DisProt	DP01533
P01112	DisProt	DP00153
Q16576	DisProt	DP01282
Q44177	DisProt	DP02968
P00880	DisProt	DP02960
Q9Y580	DisProt	DP02391
Q9Y5S9	DisProt	DP02868
Q92804	DisProt	DP02345
P9WHJ5	DisProt	DP00791
P62877	DisProt	DP01750
P06400	DisProt	DP01426
Q8RY59	DisProt	DP01180
Q9UKL0	DisProt	DP02523
Q9P2K3	DisProt	DP02408
P03040	DisProt	DP00741
P54725	DisProt	DP00156
P51400	DisProt	DP03065
P35926	DisProt	DP00932
P03045	DisProt	DP00005
P0C079	DisProt	DP02950
P0C077	DisProt	DP01881
Q8VEL9	DisProt	DP02573
Q9WTY2	DisProt	DP02429
Q9HAU5	DisProt	DP00949
Q920Q2	DisProt	DP02625
P04325	DisProt	DP00424
Q9SKI4	DisProt	DP01085
Q10Q08	DisProt	DP01086
P15927	DisProt	DP01361
Q7L804	DisProt	DP02062
Q6ZVN8	DisProt	DP02661
P49799	DisProt	DP00063
P32170	DisProt	DP00429
Q15382	DisProt	DP00364
Q22472	DisProt	DP00613
Q6R327	DisProt	DP02692
P29539	DisProt	DP01607
Q06208	DisProt	DP01606
Q8GYN5	DisProt	DP01776
P25891	DisProt	DP02707
O53168	DisProt	DP02505
P00452	DisProt	DP02715
P69924	DisProt	DP00107
P11157	DisProt	DP00462
P09938	DisProt	DP00487
P49723	DisProt	DP00488
P15825	DisProt	DP02536
P56210	DisProt	DP00512
P09415	DisProt	DP00966
O67086	DisProt	DP02143
P83731	DisProt	DP01935
Q9RY65	DisProt	DP00886
P12736	DisProt	DP00944
Q9RSK0	DisProt	DP02016
P60723	DisProt	DP00600
P36578	DisProt	DP01654
P38516	DisProt	DP01961
P0A7K2	DisProt	DP01650
P05386	DisProt	DP01253
P05318	DisProt	DP00164
P05387	DisProt	DP00793
P23632	DisProt	DP00845
P32684	DisProt	DP02011
Q96E14	DisProt	DP02895
P25299	DisProt	DP02761
Q9NRR4	DisProt	DP02463
P61587	DisProt	DP02804
P21513	DisProt	DP00207
Q80ZV0	DisProt	DP01594
O28362	DisProt	DP00382
P25814	DisProt	DP00387
P09651	DisProt	DP00324
P22626	DisProt	DP01109
Q13464	DisProt	DP02365
P51449	DisProt	DP01647
P24255	DisProt	DP01169
P50106	DisProt	DP00884
P46669	DisProt	DP01185
Q01080	DisProt	DP02519
P20435	DisProt	DP00771
P40422	DisProt	DP00818
P04052	DisProt	DP01433
P24928	DisProt	DP01284
P08775	DisProt	DP00181
P36594	DisProt	DP02514
P04050	DisProt	DP02527
P34087	DisProt	DP01187
O94444	DisProt	DP02129
B8YB65	DisProt	DP01001
A7ZUK2	DisProt	DP02486
O00411	DisProt	DP02703
Q9BUL9	DisProt	DP02616
P47910	DisProt	DP01610
P36080	DisProt	DP02355
Q05022	DisProt	DP02513
P0AG63	DisProt	DP00242
P23828	DisProt	DP01331
P0A7U3	DisProt	DP00147
G1TDB3	DisProt	DP00882
P0AFX7	DisProt	DP00552
P53330	DisProt	DP01392
P40161	DisProt	DP01485
Q9NQC3	DisProt	DP01855
Q9JK11	DisProt	DP01152
P08621	DisProt	DP02171
Q9CQK7	DisProt	DP00587
P19793	DisProt	DP00062
P48443	DisProt	DP02915
Q8N488	DisProt	DP00694
P04271	DisProt	DP01738
P33763	DisProt	DP01552
Q96FQ6	DisProt	DP02652
Q8WUG5	DisProt	DP01769
Q9EPH0	DisProt	DP01937
Q6P5W5	DisProt	DP02554
P46674	DisProt	DP02481
Q9UBE0	DisProt	DP00485
Q9UBT2	DisProt	DP00486
P22470	DisProt	DP01136
Q9NV23	DisProt	DP02795
Q9SKB2	DisProt	DP02660
P21583	DisProt	DP00917
Q68FT9	DisProt	DP00620
Q6NUK1	DisProt	DP01311
P04775	DisProt	DP02624
Q9W058	DisProt	DP02828
P31431	DisProt	DP01434
O86488	DisProt	DP00065
Q96T21	DisProt	DP00420
P55735	DisProt	DP01236
P38968	DisProt	DP01840
P40357	DisProt	DP00128
P60460	DisProt	DP00964
P40316	DisProt	DP00256
P60896	DisProt	DP00617
O14140	DisProt	DP01191
O94742	DisProt	DP01014
G5ED39	DisProt	DP03050
O43236	DisProt	DP00537
O43236	DisProt	DP01325
P78330	DisProt	DP02639
P58004	DisProt	DP03004
Q15637	DisProt	DP01449
O75533	DisProt	DP01863
Q9Y3B4	DisProt	DP01458
P81019	DisProt	DP00669
Q4F883	DisProt	DP02640
Q9ERE3	DisProt	DP02635
Q9Y2Z0	DisProt	DP02834
O60880	DisProt	DP02714
Q62420	DisProt	DP02819
Q4ACU6	DisProt	DP02376
Q91WA6	DisProt	DP02805
Q8IUQ4	DisProt	DP02608
P21815	DisProt	DP00332
P38634	DisProt	DP00631
P9WGI1	DisProt	DP02525
Q9BPZ7	DisProt	DP02693
P0CL52	DisProt	DP00157
Q56026	DisProt	DP02796
P06701	DisProt	DP00533
Q8GY88	DisProt	DP02641
Q3UND0	DisProt	DP02892
P19634	DisProt	DP01241
P35828	DisProt	DP02504
Q9VAN6	DisProt	DP00144
Q14493	DisProt	DP01987
I1JLC8	DisProt	DP01036
P0A9K9	DisProt	DP00766
Q15797	DisProt	DP01206
Q15796	DisProt	DP01319
P84022	DisProt	DP01648
Q13485	DisProt	DP00464
P62318	DisProt	DP01704
P62320	DisProt	DP01706
P62323	DisProt	DP01707
Q9UPR3	DisProt	DP01878
Q92540	DisProt	DP01844
O62301	DisProt	DP03047
Q9XWJ1	DisProt	DP03048
P32566	DisProt	DP02159
Q04964	DisProt	DP01559
Q12306	DisProt	DP02264
Q99LM3	DisProt	DP00742
Q9N4U5	DisProt	DP01313
O94316	DisProt	DP02109
P31109	DisProt	DP00113
P33328	DisProt	DP01502
P06782	DisProt	DP02769
Q96H20	DisProt	DP02598
Q12483	DisProt	DP01604
O75324	DisProt	DP00162
P60880	DisProt	DP02561
P09012	DisProt	DP01857
Q13573	DisProt	DP00608
Q96RF0	DisProt	DP02309
Q08826	DisProt	DP00482
Q9Y5X1	DisProt	DP02304
O35718	DisProt	DP00446
O54928	DisProt	DP01774
P00441	DisProt	DP00652
P08294	DisProt	DP02656
P62558	DisProt	DP02863
O30916	DisProt	DP01166
Q8ZQC8	DisProt	DP02655
Q99523	DisProt	DP01551
Q07889	DisProt	DP01534
Q9BQ15	DisProt	DP00864
Q9NRY2	DisProt	DP01943
Q9BQB4	DisProt	DP00926
Q99P68	DisProt	DP02853
P08047	DisProt	DP00378
O34800	DisProt	DP01146
P49785	DisProt	DP00862
P17947	DisProt	DP02918
K9N5Q8	DisProt	DP02880
P59594	DisProt	DP02879
P0DTC2	DisProt	DP02772
O95149	DisProt	DP01874
Q02521	DisProt	DP02917
O14187	DisProt	DP02357
Q8IRG6	DisProt	DP00721
P02549	DisProt	DP01700
P0A2N1	DisProt	DP02929
C6ECL5	DisProt	DP02077
Q13501	DisProt	DP01111
Q60598	DisProt	DP01752
P12931	DisProt	DP01570
P09132	DisProt	DP00570
Q57565	DisProt	DP00897
P78362	DisProt	DP02591
P08240	DisProt	DP00893
Q8IYB3	DisProt	DP02359
Q9ZVD0	DisProt	DP02392
Q07955	DisProt	DP01641
Q9X8U3	DisProt	DP00854
P37455	DisProt	DP02196
P0AGE2	DisProt	DP00722
P0AGE0	DisProt	DP02137
Q9WZ73	DisProt	DP00996
P32867	DisProt	DP01503
P39926	DisProt	DP01504
P0AFZ3	DisProt	DP00194
Q05344	DisProt	DP00720
P80644	DisProt	DP01735
P0DMM9	DisProt	DP00011
O00204	DisProt	DP00404
O00204	DisProt	DP01099
O95630	DisProt	DP01872
Q14849	DisProt	DP02835
P42224	DisProt	DP00962
P52630	DisProt	DP00961
P42226	DisProt	DP02262
P02808	DisProt	DP02207
P25344	DisProt	DP01515
P32917	DisProt	DP01511
Q4V8K1	DisProt	DP02980
Q86WV6	DisProt	DP01602
Q13188	DisProt	DP01461
P39015	DisProt	DP00994
A2VD23	DisProt	DP00584
Q8WXE9	DisProt	DP01368
F1RAX4	DisProt	DP02583
P39007	DisProt	DP01195
G3V7P1	DisProt	DP01501
P32851	DisProt	DP00155
Q5R6Q2	DisProt	DP01500
P61765	DisProt	DP02653
P77522	DisProt	DP01920
Q9UMX1	DisProt	DP01312
Q9Z0P7	DisProt	DP01397
Q9HZJ8	DisProt	DP01948
P63165	DisProt	DP02294
O75683	DisProt	DP02009
Q9H5I1	DisProt	DP02654
O46385	DisProt	DP02337
P02783	DisProt	DP00527
Q05471	DisProt	DP02295
P19339	DisProt	DP01605
Q9DBZ9	DisProt	DP01541
P27001	DisProt	DP00053
P56206	DisProt	DP00032
Q15046	DisProt	DP02382
P09951	DisProt	DP02741
P56926	DisProt	DP02496
P27058	DisProt	DP01969
P37840	DisProt	DP00070
Q16143	DisProt	DP00555
O76070	DisProt	DP00630
A6QHR2	DisProt	DP02035
P80220	DisProt	DP00759
P32774	DisProt	DP00009
P29083	DisProt	DP01633
P36100	DisProt	DP01237
Q13148	DisProt	DP01108
P51123	DisProt	DP00081
O00268	DisProt	DP01170
P49848	DisProt	DP01262
P25638	DisProt	DP01243
Q03518	DisProt	DP01306
Q03519	DisProt	DP02210
Q6GX35	DisProt	DP01472
O31467	DisProt	DP00827
P69428	DisProt	DP00834
P04608	DisProt	DP00929
P10636	DisProt	DP01100
P68363	DisProt	DP02251
P41351	DisProt	DP01460
P32882	DisProt	DP00169
P41352	DisProt	DP01459
Q20728	DisProt	DP03057
P46670	DisProt	DP00778
P53378	DisProt	DP01513
Q9SLF3	DisProt	DP00610
O81283	DisProt	DP00609
P34257	DisProt	DP02799
Q9NR00	DisProt	DP00372
P53999	DisProt	DP01804
A5F384	DisProt	DP01439
O14776	DisProt	DP01893
P13693	DisProt	DP01972
P63028	DisProt	DP02800
Q13569	DisProt	DP00719
P16458	DisProt	DP00659
Q15185	DisProt	DP00358
O15273	DisProt	DP00797
Q01853	DisProt	DP00435
P54274	DisProt	DP02415
P05452	DisProt	DP02801
Q04206	DisProt	DP00085
Q04207	DisProt	DP00129
Q9NQB0	DisProt	DP00175
P32776	DisProt	DP01638
Q921Z5	DisProt	DP02802
O88393	DisProt	DP02636
P01137	DisProt	DP01252
P37173	DisProt	DP01760
Q15583	DisProt	DP02449
Q6A070	DisProt	DP02882
P00800	DisProt	DP02501
Q56WD9	DisProt	DP02979
O08583	DisProt	DP02371
Q9S7B5	DisProt	DP02754
Q62264	DisProt	DP02820
P47480	DisProt	DP01627
P0A4T9	DisProt	DP00997
Q5JH72	DisProt	DP00915
P58753	DisProt	DP01768
Q8WZ42	DisProt	DP00072
Q86UE8	DisProt	DP02475
P26039	DisProt	DP00653
Q12000	DisProt	DP02474
O01479	DisProt	DP02982
P63315	DisProt	DP00249
P68246	DisProt	DP01871
P48788	DisProt	DP01747
P19429	DisProt	DP00166
Q7M3Y3	DisProt	DP01367
P45379	DisProt	DP02705
Q92973	DisProt	DP01457
Q9HCJ0	DisProt	DP01324
P32773	DisProt	DP00104
P50616	DisProt	DP00794
P02929	DisProt	DP00043
P11387	DisProt	DP00075
P06786	DisProt	DP00076
P19972	DisProt	DP00180
Q12888	DisProt	DP02954
Q07412	DisProt	DP00614
Q9V6K1	DisProt	DP02711
Q9Y296	DisProt	DP00562
Q9BQ50	DisProt	DP02710
P02788	DisProt	DP00616
P0CF51	DisProt	DP01967
O43715	DisProt	DP01835
O75962	DisProt	DP02977
O14214	DisProt	DP00798
P41814	DisProt	DP02050
P0A873	DisProt	DP02716
Q96Q11	DisProt	DP02803
P0A877	DisProt	DP00252
P0A882	DisProt	DP00810
Q9NQA5	DisProt	DP01765
Q9H1D0	DisProt	DP01767
Q03337	DisProt	DP00835
P60340	DisProt	DP03060
P00760	DisProt	DP00728
Q92574	DisProt	DP02744
Q15631	DisProt	DP02701
Q07932	DisProt	DP00567
P04177	DisProt	DP00094
P62326	DisProt	DP00795
P62328	DisProt	DP00357
P04818	DisProt	DP00073
P45352	DisProt	DP02739
P25490	DisProt	DP02595
Q01081	DisProt	DP01456
P26368	DisProt	DP02921
Q16222	DisProt	DP00363
Q16222	DisProt	DP01098
P51965	DisProt	DP02191
P60604	DisProt	DP02100
P49427	DisProt	DP02094
Q8TBC4	DisProt	DP02306
P21734	DisProt	DP02193
Q96B02	DisProt	DP01337
Q9H832	DisProt	DP00953
P17480	DisProt	DP02468
P53874	DisProt	DP01189
Q93009	DisProt	DP00941
O95071	DisProt	DP02717
Q8WUN7	DisProt	DP02694
P83949	DisProt	DP00623
Q9WUP7	DisProt	DP01190
P08067	DisProt	DP00687
O60701	DisProt	DP02338
Q96T88	DisProt	DP01651
P38293	DisProt	DP01140
P0AG11	DisProt	DP00626
Q5UPT2	DisProt	DP01481
P60472	DisProt	DP00516
Q05776	DisProt	DP02326
P23202	DisProt	DP00353
E6Y5X0	DisProt	DP01763
Q86UX7	DisProt	DP01784
P0AAC0	DisProt	DP00991
Q48245	DisProt	DP03034
P63045	DisProt	DP00622
O70480	DisProt	DP01498
P70280	DisProt	DP02602
P9WF19	DisProt	DP00889
O95292	DisProt	DP01248
P85800	DisProt	DP01833
P03126	DisProt	DP01615
P26554	DisProt	DP02256
P03129	DisProt	DP00024
P21736	DisProt	DP01780
P49765	DisProt	DP02417
P44228	DisProt	DP01440
P35916	DisProt	DP02600
Q9Q8N4	DisProt	DP01983
P40337	DisProt	DP00287
P69723	DisProt	DP00875
P02640	DisProt	DP02511
P09327	DisProt	DP02510
P08670	DisProt	DP02862
P18206	DisProt	DP02858
P36932	DisProt	DP00850
Q868N5	DisProt	DP01582
P27392	DisProt	DP01012
P06492	DisProt	DP01642
P04486	DisProt	DP02291
P68336	DisProt	DP00087
P03087	DisProt	DP00182
Q05127	DisProt	DP00998
Q05128	DisProt	DP02967
P9WJ35	DisProt	DP00908
Q9BRG1	DisProt	DP01598
P47142	DisProt	DP01599
Q86VN1	DisProt	DP02599
Q06696	DisProt	DP01611
P53853	DisProt	DP02908
O49195	DisProt	DP02597
Q9JI51	DisProt	DP01499
P04004	DisProt	DP02913
P04275	DisProt	DP02981
P68927	DisProt	DP01013
O55777	DisProt	DP03001
Q997F2	DisProt	DP03000
Q92558	DisProt	DP02529
Q91YD9	DisProt	DP02830
P42768	DisProt	DP01171
O75554	DisProt	DP01531
P30291	DisProt	DP00611
Q80VW5	DisProt	DP02426
O43516	DisProt	DP01172
Q04866	DisProt	DP02596
P47992	DisProt	DP02957
P80457	DisProt	DP00450
P42758	DisProt	DP00658
P98170	DisProt	DP01773
P23025	DisProt	DP00243
P27088	DisProt	DP00091
Q01831	DisProt	DP01626
Q4JC68	DisProt	DP01941
Q9ESJ0	DisProt	DP02593
Q13426	DisProt	DP00152
P13010	DisProt	DP01255
P12956	DisProt	DP01254
P47273	DisProt	DP02588
Q58876	DisProt	DP00904
P47523	DisProt	DP02590
Q57904	DisProt	DP01527
P0A8H9	DisProt	DP00202
P33128	DisProt	DP02923
P46937	DisProt	DP00702
P46938	DisProt	DP02451
P08245	DisProt	DP00790
P76063	DisProt	DP03032
P0ACX9	DisProt	DP00989
P69346	DisProt	DP01488
P76407	DisProt	DP01981
P0AD27	DisProt	DP02484
P40709	DisProt	DP02485
O31818	DisProt	DP00892
O31851	DisProt	DP00257
P08008	DisProt	DP01144
P15273	DisProt	DP01528
P17778	DisProt	DP01639
P40517	DisProt	DP01079
Q9EPU7	DisProt	DP01555
P43403	DisProt	DP01123
Q5D1E7	DisProt	DP02871
P77173	DisProt	DP00161
Q9H2Y7	DisProt	DP02007
Q96GC6	DisProt	DP01556
Q8AVN9	DisProt	DP01733
Q96PM5	DisProt	DP02587
O00488	DisProt	DP00549
P10761	DisProt	DP02586
Q9L9I0	DisProt	DP00861
O73557	DisProt	DP00820
Q5JJ98	DisProt	DP01939
O28769	DisProt	DP02488
Q980M2	DisProt	DP00856
Q7LKB1	DisProt	DP01051
G0S3L5	DisProt	DP02520
G0S4M4	DisProt	DP01399
G0SCY6	DisProt	DP01398
N1NXA6	DisProt	DP00823
Q1K7R9	DisProt	DP01084
Q6CMF0	DisProt	DP01979
C4R4Y0	DisProt	DP02526
G4NEJ8	DisProt	DP00786
Q76LA1	DisProt	DP01054
S6B291	DisProt	DP02531
Q9UMZ1	DisProt	DP01228
O43806	DisProt	DP01128
B6KJB6	DisProt	DP01535
E6PBU3	DisProt	DP00761
A8BB85	DisProt	DP02926
O15922	DisProt	DP02002
Q7Q3R9	DisProt	DP01832
Q9NJS1	DisProt	DP00824
Q9XTN4	DisProt	DP01864
Q9VZU1	DisProt	DP01287
Q7KLE5	DisProt	DP02272
Q9BP37	DisProt	DP01094
Q9BP38	DisProt	DP01095
O61130	DisProt	DP02939
Q9TY14	DisProt	DP00749
Q09514	DisProt	DP01973
Q9XTY3	DisProt	DP01558
Q8IG33	DisProt	DP02313
P90976	DisProt	DP01437
Q9U3S5	DisProt	DP02216
Q4DRC4	DisProt	DP01027
E6PBU9	DisProt	DP00752
Q3LS93	DisProt	DP01777
Q9NK80	DisProt	DP01497
Q8MWS6	DisProt	DP01052
Q86FP9	DisProt	DP00975
Q86FP8	DisProt	DP00977
B9UCQ5	DisProt	DP01567
M1GUG5	DisProt	DP01970
C4M7X2	DisProt	DP01926
C4M0U8	DisProt	DP00753
Q9GSG7	DisProt	DP01565
Q24F70	DisProt	DP00769
C0J347	DisProt	DP00957
Q6F3E8	DisProt	DP01834
I7MK25	DisProt	DP00914
C4PB33	DisProt	DP02330
Q8ILA1	DisProt	DP02305
Q7YUB9	DisProt	DP01074
Q25733	DisProt	DP01096
O17428	DisProt	DP02331
A5YV76	DisProt	DP01026
Q38151	DisProt	DP00750
A0A220GHA5	DisProt	DP02928
S6AWC2	DisProt	DP01946
M5BF30	DisProt	DP01545
D6PZY5	DisProt	DP01553
A0A1Z3GD05	DisProt	DP01787
F6IAY2	DisProt	DP02965
A0A1Z3GD08	DisProt	DP01789
Q9FUM5	DisProt	DP01038
Q9M4V2	DisProt	DP02008
Q9M605	DisProt	DP01854
Q9XES8	DisProt	DP01088
Q2TUW1	DisProt	DP02205
Q39532	DisProt	DP01048
O23764	DisProt	DP01071
Q9FUW7	DisProt	DP01040
F2Z293	DisProt	DP00869
Q8GT36	DisProt	DP01055
J7FTI7	DisProt	DP01550
Q39805	DisProt	DP01035
D2JX42	DisProt	DP01786
A0A2K8FR49	DisProt	DP01945
A0A178W0D3	DisProt	DP02341
Q2Q4X9	DisProt	DP01442
G1K3N3	DisProt	DP00933
Q5NJL5	DisProt	DP01859
C6ZFX3	DisProt	DP01431
Q93KQ4	DisProt	DP01600
Q57530	DisProt	DP02669
Q7B8V4	DisProt	DP03024
A0A384E149	DisProt	DP03026
Q59471	DisProt	DP01028
Q59472	DisProt	DP01029
Q2VL32	DisProt	DP02946
B2LME8	DisProt	DP00787
O32728	DisProt	DP00902
Q01924	DisProt	DP01322
A0MHA3	DisProt	DP00918
Q9KJ82	DisProt	DP01004
B7T1D9	DisProt	DP01334
B7T1D7	DisProt	DP01093
Q9KX51	DisProt	DP00851
O69245	DisProt	DP02076
G8HXD9	DisProt	DP00878
Q7X2A1	DisProt	DP01082
Q06556	DisProt	DP01032
Q51912	DisProt	DP01030
Q93P54	DisProt	DP02215
F2WK69	DisProt	DP03021
Q44522	DisProt	DP02668
Q7DB66	DisProt	DP01045
A8ULG6	DisProt	DP03040
O54465	DisProt	DP00866
Q9S446	DisProt	DP01037
A0A5P8YHT8	DisProt	DP02340
Q47785	DisProt	DP01044
Q9Z8L4	DisProt	DP02012
J8TM36	DisProt	DP00925
J7QA90	DisProt	DP02901
Q47184	DisProt	DP01201
Q6BBK3	DisProt	DP01296
Q7B2Z6	DisProt	DP00894
A0KJC7	DisProt	DP02499
Q9X0Q3	DisProt	DP00863
Q63K18	DisProt	DP00956
O50835	DisProt	DP01047
Q9I332	DisProt	DP00993
A0L5S6	DisProt	DP00927
O66858	DisProt	DP01155
O66683	DisProt	DP01092
A0A0H2ZP82	DisProt	DP01635
A0A0H3LBR3	DisProt	DP02017
O25555	DisProt	DP02949
O25010	DisProt	DP01510
Q2JIZ5	DisProt	DP01783
Q9KRE7	DisProt	DP02933
Q8A6W3	DisProt	DP02506
P96884	DisProt	DP01091
Q928V6	DisProt	DP02495
A0R1T8	DisProt	DP02502
Q6MRH6	DisProt	DP01069
Q81AN8	DisProt	DP03027
A0A0H3CFC9	DisProt	DP00987
Q5ZYC9	DisProt	DP00931
Q8NM20	DisProt	DP01742
A0A0H3MCR9	DisProt	DP02937
A4C1A5	DisProt	DP01968
Q72J05	DisProt	DP02168
Q87P35	DisProt	DP01785
Q2GI62	DisProt	DP01875
P73124	DisProt	DP01034
Q885L4	DisProt	DP00822
Q88MI5	DisProt	DP02372
A0A0H3GD84	DisProt	DP03028
A0A3S5Y0Q5	DisProt	DP02936
A0A068MVV3	DisProt	DP01148
Q9ZKK2	DisProt	DP03029
Q8XAD5	DisProt	DP02878
Q9ZLR7	DisProt	DP01986
A8AZZ3	DisProt	DP00858
Q9RJY2	DisProt	DP01934
Q7DD77	DisProt	DP02311
Q49ZM2	DisProt	DP00848
Q548Y4	DisProt	DP01667
H0W0T5	DisProt	DP00870
A0A0G2JXC5	DisProt	DP01139
Q9YIJ1	DisProt	DP02489
Q9J0X9	DisProt	DP03046
B4Y891	DisProt	DP01984
Q9WBP8	DisProt	DP02491
Q9Q8E9	DisProt	DP00849
O56139	DisProt	DP02494
Q85258	DisProt	DP01039
A0A140GKJ0	DisProt	DP02208
Q67953	DisProt	DP01806
Q808Y3	DisProt	DP02492
Q5V913	DisProt	DP01405
Q8QWD4	DisProt	DP00986
Q98148	DisProt	DP02334
E5LC01	DisProt	DP01621
A4ZNR2	DisProt	DP00871
Q84852	DisProt	DP02507
A7YK37	DisProt	DP02498
A4L7I4	DisProt	DP01469
A3RMR8	DisProt	DP01468
A4L7I2	DisProt	DP01466
Q80FJ1	DisProt	DP01043
A8CDV5	DisProt	DP01060
Q9DDG2	DisProt	DP00885
E1UJ20	DisProt	DP01432
Q70Q12	DisProt	DP00754
A7UMX5	DisProt	DP01056
Q9I9C0	DisProt	DP01664
Q9DEA6	DisProt	DP02983
Q91006	DisProt	DP01033
A0A060ZAA1	DisProt	DP01519
Q9I832	DisProt	DP01808
Q5S1W7	DisProt	DP01665
Q1PAB4	DisProt	DP01087
C6KEI3	DisProt	DP00919
Q90VU7	DisProt	DP02897
O89467	DisProt	DP00764
Q5QGG3	DisProt	DP02886
